0,0
id_08bvttqc33i6.tif_0,0
id_08bvttqc33i6.tif_1,0
id_08bvttqc33i6.tif_2,0
id_0699n3qu4kkx.tif_0,0
id_0699n3qu4kkx.tif_1,0
id_0699n3qu4kkx.tif_2,0
id_02prrwuyp43f.tif_0,0
id_02prrwuyp43f.tif_1,0
id_02prrwuyp43f.tif_2,0
id_09bv803jgh16.tif_0,0
id_09bv803jgh16.tif_1,0
id_09bv803jgh16.tif_2,0
id_09xmimyns83j.tif_0,0
id_09xmimyns83j.tif_1,1
id_09xmimyns83j.tif_2,0
id_02f9pbs0slgu.tif_0,0
id_02f9pbs0slgu.tif_1,2
id_02f9pbs0slgu.tif_2,0
id_02fegt8z95w2.tif_0,0
id_02fegt8z95w2.tif_1,0
id_02fegt8z95w2.tif_2,0
id_07vbt9ntue9n.tif_0,0
id_07vbt9ntue9n.tif_1,0
id_07vbt9ntue9n.tif_2,0
id_08ren5g2j8hu.tif_0,0
id_08ren5g2j8hu.tif_1,0
id_08ren5g2j8hu.tif_2,0
id_06r6arlxsrtn.tif_0,0
id_06r6arlxsrtn.tif_1,1
id_06r6arlxsrtn.tif_2,0
id_0ctu69hdel3j.tif_0,0
id_0ctu69hdel3j.tif_1,0
id_0ctu69hdel3j.tif_2,0
id_0i54k68jowvb.tif_0,0
id_0i54k68jowvb.tif_1,1
id_0i54k68jowvb.tif_2,0
id_0h4fzmfsm336.tif_0,0
id_0h4fzmfsm336.tif_1,0
id_0h4fzmfsm336.tif_2,0
id_0fy7cdyuo8df.tif_0,0
id_0fy7cdyuo8df.tif_1,0
id_0fy7cdyuo8df.tif_2,0
id_0ct4lhlt5ylt.tif_0,0
id_0ct4lhlt5ylt.tif_1,1
id_0ct4lhlt5ylt.tif_2,0
id_0elvuqypsgmd.tif_0,0
id_0elvuqypsgmd.tif_1,0
id_0elvuqypsgmd.tif_2,0
id_0ceuyd39nkqm.tif_0,0
id_0ceuyd39nkqm.tif_1,0
id_0ceuyd39nkqm.tif_2,0
id_0fnhn0vuc2os.tif_0,0
id_0fnhn0vuc2os.tif_1,0
id_0fnhn0vuc2os.tif_2,0
id_0ff703zotcnn.tif_0,0
id_0ff703zotcnn.tif_1,1
id_0ff703zotcnn.tif_2,0
id_0g1xctgo49rz.tif_0,0
id_0g1xctgo49rz.tif_1,0
id_0g1xctgo49rz.tif_2,0
id_0pfp8hf9nb27.tif_0,0
id_0pfp8hf9nb27.tif_1,0
id_0pfp8hf9nb27.tif_2,0
id_0mgjcrr5pyag.tif_0,0
id_0mgjcrr5pyag.tif_1,2
id_0mgjcrr5pyag.tif_2,0
id_0mwq54xwczj6.tif_0,0
id_0mwq54xwczj6.tif_1,1
id_0mwq54xwczj6.tif_2,0
id_0nahgll6dz7v.tif_0,0
id_0nahgll6dz7v.tif_1,0
id_0nahgll6dz7v.tif_2,0
id_0i7cumpssckr.tif_0,0
id_0i7cumpssckr.tif_1,0
id_0i7cumpssckr.tif_2,0
id_0r152h00qkvq.tif_0,0
id_0r152h00qkvq.tif_1,1
id_0r152h00qkvq.tif_2,0
id_0mmd7l4ign26.tif_0,0
id_0mmd7l4ign26.tif_1,0
id_0mmd7l4ign26.tif_2,0
id_0rsum054wnvr.tif_0,0
id_0rsum054wnvr.tif_1,4
id_0rsum054wnvr.tif_2,0
id_0jp2ww8h8znj.tif_0,0
id_0jp2ww8h8znj.tif_1,0
id_0jp2ww8h8znj.tif_2,0
id_0r207or70fq8.tif_0,0
id_0r207or70fq8.tif_1,1
id_0r207or70fq8.tif_2,0
id_0wvveclcfm4h.tif_0,0
id_0wvveclcfm4h.tif_1,1
id_0wvveclcfm4h.tif_2,0
id_0s4xzzdsj4ub.tif_0,0
id_0s4xzzdsj4ub.tif_1,0
id_0s4xzzdsj4ub.tif_2,0
id_0wwzy2vchi33.tif_0,0
id_0wwzy2vchi33.tif_1,0
id_0wwzy2vchi33.tif_2,0
id_11ozdtx3xvfw.tif_0,0
id_11ozdtx3xvfw.tif_1,0
id_11ozdtx3xvfw.tif_2,0
id_11ps63hll58j.tif_0,0
id_11ps63hll58j.tif_1,0
id_11ps63hll58j.tif_2,0
id_0y9lpfpk07vg.tif_0,0
id_0y9lpfpk07vg.tif_1,0
id_0y9lpfpk07vg.tif_2,0
id_13b6ztaf70px.tif_0,0
id_13b6ztaf70px.tif_1,2
id_13b6ztaf70px.tif_2,0
id_112a3b3berpm.tif_0,0
id_112a3b3berpm.tif_1,1
id_112a3b3berpm.tif_2,0
id_13ydp2x1vzez.tif_0,0
id_13ydp2x1vzez.tif_1,0
id_13ydp2x1vzez.tif_2,0
id_12dtd70sqheh.tif_0,0
id_12dtd70sqheh.tif_1,0
id_12dtd70sqheh.tif_2,0
id_14ue2xfycu8n.tif_0,0
id_14ue2xfycu8n.tif_1,0
id_14ue2xfycu8n.tif_2,0
id_188w9d3kofef.tif_0,0
id_188w9d3kofef.tif_1,0
id_188w9d3kofef.tif_2,0
id_1871dchyt1ld.tif_0,0
id_1871dchyt1ld.tif_1,0
id_1871dchyt1ld.tif_2,0
id_1596tmxjb0w9.tif_0,0
id_1596tmxjb0w9.tif_1,0
id_1596tmxjb0w9.tif_2,0
id_19wvjivb0gnh.tif_0,0
id_19wvjivb0gnh.tif_1,0
id_19wvjivb0gnh.tif_2,0
id_1d3q8oef73p6.tif_0,0
id_1d3q8oef73p6.tif_1,0
id_1d3q8oef73p6.tif_2,0
id_1d62401fcvfy.tif_0,0
id_1d62401fcvfy.tif_1,1
id_1d62401fcvfy.tif_2,0
id_1azskopso3zo.tif_0,0
id_1azskopso3zo.tif_1,0
id_1azskopso3zo.tif_2,0
id_1bu2nakdy8h2.tif_0,0
id_1bu2nakdy8h2.tif_1,0
id_1bu2nakdy8h2.tif_2,0
id_1dw1s64z8hur.tif_0,0
id_1dw1s64z8hur.tif_1,0
id_1dw1s64z8hur.tif_2,0
id_1dkk20niaa1t.tif_0,0
id_1dkk20niaa1t.tif_1,1
id_1dkk20niaa1t.tif_2,0
id_1nquaely9ce9.tif_0,0
id_1nquaely9ce9.tif_1,0
id_1nquaely9ce9.tif_2,0
id_1oxzcz9vhu9p.tif_0,0
id_1oxzcz9vhu9p.tif_1,0
id_1oxzcz9vhu9p.tif_2,0
id_1llbaltqzxih.tif_0,0
id_1llbaltqzxih.tif_1,0
id_1llbaltqzxih.tif_2,0
id_1fbf5noej8gu.tif_0,0
id_1fbf5noej8gu.tif_1,2
id_1fbf5noej8gu.tif_2,0
id_1i5mn0mf0mx0.tif_0,0
id_1i5mn0mf0mx0.tif_1,0
id_1i5mn0mf0mx0.tif_2,0
id_1e1mhto2k2mc.tif_0,0
id_1e1mhto2k2mc.tif_1,0
id_1e1mhto2k2mc.tif_2,0
id_1im5kfei8ce8.tif_0,0
id_1im5kfei8ce8.tif_1,3
id_1im5kfei8ce8.tif_2,0
id_1rtef6fplwa1.tif_0,0
id_1rtef6fplwa1.tif_1,0
id_1rtef6fplwa1.tif_2,0
id_1e02m0dsxe2x.tif_0,0
id_1e02m0dsxe2x.tif_1,2
id_1e02m0dsxe2x.tif_2,0
id_1fz3vyz5hrh8.tif_0,0
id_1fz3vyz5hrh8.tif_1,0
id_1fz3vyz5hrh8.tif_2,0
id_1v39mnqr7jbz.tif_0,0
id_1v39mnqr7jbz.tif_1,0
id_1v39mnqr7jbz.tif_2,0
id_1ytjhcyhnave.tif_0,0
id_1ytjhcyhnave.tif_1,0
id_1ytjhcyhnave.tif_2,0
id_1uxg4k5x83oj.tif_0,0
id_1uxg4k5x83oj.tif_1,0
id_1uxg4k5x83oj.tif_2,0
id_1xx6idg3ck6h.tif_0,0
id_1xx6idg3ck6h.tif_1,0
id_1xx6idg3ck6h.tif_2,0
id_1z935ksoop65.tif_0,0
id_1z935ksoop65.tif_1,0
id_1z935ksoop65.tif_2,0
id_1thdp7yhbefr.tif_0,0
id_1thdp7yhbefr.tif_1,0
id_1thdp7yhbefr.tif_2,0
id_1vbku7lfg66o.tif_0,0
id_1vbku7lfg66o.tif_1,3
id_1vbku7lfg66o.tif_2,0
id_1w72qxu6ucwy.tif_0,0
id_1w72qxu6ucwy.tif_1,1
id_1w72qxu6ucwy.tif_2,0
id_24ulgmrpfcyf.tif_0,0
id_24ulgmrpfcyf.tif_1,0
id_24ulgmrpfcyf.tif_2,0
id_26o4aru0e1yh.tif_0,0
id_26o4aru0e1yh.tif_1,0
id_26o4aru0e1yh.tif_2,0
id_23jcodo07w12.tif_0,0
id_23jcodo07w12.tif_1,0
id_23jcodo07w12.tif_2,0
id_21orm66adfga.tif_0,0
id_21orm66adfga.tif_1,0
id_21orm66adfga.tif_2,0
id_237asmpoe50x.tif_0,0
id_237asmpoe50x.tif_1,0
id_237asmpoe50x.tif_2,0
id_1zqxsphume9t.tif_0,0
id_1zqxsphume9t.tif_1,1
id_1zqxsphume9t.tif_2,0
id_22fhgi2srrw2.tif_0,0
id_22fhgi2srrw2.tif_1,1
id_22fhgi2srrw2.tif_2,0
id_26vwxez1t36l.tif_0,0
id_26vwxez1t36l.tif_1,2
id_26vwxez1t36l.tif_2,0
id_282qjjg59mlr.tif_0,0
id_282qjjg59mlr.tif_1,0
id_282qjjg59mlr.tif_2,0
id_2abtdjy5wcpp.tif_0,0
id_2abtdjy5wcpp.tif_1,0
id_2abtdjy5wcpp.tif_2,0
id_28vo5hmutsx5.tif_0,0
id_28vo5hmutsx5.tif_1,1
id_28vo5hmutsx5.tif_2,0
id_28rmq53j239b.tif_0,0
id_28rmq53j239b.tif_1,2
id_28rmq53j239b.tif_2,0
id_2b8ib8jxk67f.tif_0,0
id_2b8ib8jxk67f.tif_1,0
id_2b8ib8jxk67f.tif_2,0
id_296c6iwi3osa.tif_0,0
id_296c6iwi3osa.tif_1,7
id_296c6iwi3osa.tif_2,0
id_2ajyd6iifp4q.tif_0,0
id_2ajyd6iifp4q.tif_1,0
id_2ajyd6iifp4q.tif_2,0
id_2gtv5thhplva.tif_0,0
id_2gtv5thhplva.tif_1,0
id_2gtv5thhplva.tif_2,0
id_2kc5saolcse3.tif_0,0
id_2kc5saolcse3.tif_1,0
id_2kc5saolcse3.tif_2,0
id_2cjhy0nl6954.tif_0,0
id_2cjhy0nl6954.tif_1,0
id_2cjhy0nl6954.tif_2,0
id_2kk5ezmh1v4u.tif_0,0
id_2kk5ezmh1v4u.tif_1,0
id_2kk5ezmh1v4u.tif_2,0
id_2hr5kp82p8gk.tif_0,0
id_2hr5kp82p8gk.tif_1,0
id_2hr5kp82p8gk.tif_2,0
id_2lu2glv8oc5h.tif_0,0
id_2lu2glv8oc5h.tif_1,1
id_2lu2glv8oc5h.tif_2,0
id_2dblncwhdpng.tif_0,0
id_2dblncwhdpng.tif_1,0
id_2dblncwhdpng.tif_2,0
id_2kvse750lil9.tif_0,0
id_2kvse750lil9.tif_1,0
id_2kvse750lil9.tif_2,0
id_2kpf0b27bv2g.tif_0,0
id_2kpf0b27bv2g.tif_1,0
id_2kpf0b27bv2g.tif_2,0
id_2bikbl2rokik.tif_0,0
id_2bikbl2rokik.tif_1,0
id_2bikbl2rokik.tif_2,0
id_2htxax80ppmm.tif_0,0
id_2htxax80ppmm.tif_1,1
id_2htxax80ppmm.tif_2,0
id_2q5dtvbf9qr6.tif_0,0
id_2q5dtvbf9qr6.tif_1,0
id_2q5dtvbf9qr6.tif_2,0
id_2n0rcygu4043.tif_0,0
id_2n0rcygu4043.tif_1,0
id_2n0rcygu4043.tif_2,0
id_2mkzti1e0u97.tif_0,0
id_2mkzti1e0u97.tif_1,0
id_2mkzti1e0u97.tif_2,0
id_2paw0uakgcgb.tif_0,0
id_2paw0uakgcgb.tif_1,0
id_2paw0uakgcgb.tif_2,0
