image_id,Target
id_gotir6py99bi_1,0
id_gotir6py99bi_2,5
id_gotir6py99bi_3,2
id_vbs5eu3q9utb_1,0
id_vbs5eu3q9utb_2,3
id_vbs5eu3q9utb_3,2
id_3hsf277mxqtf_1,0
id_3hsf277mxqtf_2,2
id_3hsf277mxqtf_3,1
id_xnk8otejhd3e_1,0
id_xnk8otejhd3e_2,1
id_xnk8otejhd3e_3,1
id_g08k08mly0cm_1,0
id_g08k08mly0cm_2,2
id_g08k08mly0cm_3,2
id_qcirzer0dbli_1,0
id_qcirzer0dbli_2,1
id_qcirzer0dbli_3,3
id_5d9qdjq61vxf_1,0
id_5d9qdjq61vxf_2,3
id_5d9qdjq61vxf_3,1
id_g90x61v9o3g8_1,0
id_g90x61v9o3g8_2,2
id_g90x61v9o3g8_3,2
id_rktffd7tm7mv_1,0
id_rktffd7tm7mv_2,4
id_rktffd7tm7mv_3,1
id_k4triqld96u3_1,0
id_k4triqld96u3_2,1
id_k4triqld96u3_3,1
id_v2v41k4rnr9k_1,0
id_v2v41k4rnr9k_2,3
id_v2v41k4rnr9k_3,1
id_9f5cytx02bzn_1,0
id_9f5cytx02bzn_2,9
id_9f5cytx02bzn_3,1
id_u1ug9qne8fph_1,0
id_u1ug9qne8fph_2,2
id_u1ug9qne8fph_3,1
id_blhs65aokizr_1,0
id_blhs65aokizr_2,1
id_blhs65aokizr_3,1
id_hi70mj7sxeqh_1,0
id_hi70mj7sxeqh_2,2
id_hi70mj7sxeqh_3,2
id_h06iusa3tuwp_1,0
id_h06iusa3tuwp_2,2
id_h06iusa3tuwp_3,2
id_vf146m28as3p_1,0
id_vf146m28as3p_2,1
id_vf146m28as3p_3,1
id_fea2ni7jb6ko_1,0
id_fea2ni7jb6ko_2,1
id_fea2ni7jb6ko_3,2
id_bs1ue40euzdj_1,0
id_bs1ue40euzdj_2,1
id_bs1ue40euzdj_3,1
id_d3rya6bnvk00_1,0
id_d3rya6bnvk00_2,2
id_d3rya6bnvk00_3,1
id_cbauvlt54fyp_1,0
id_cbauvlt54fyp_2,1
id_cbauvlt54fyp_3,1
id_zm7v4lnrn2wk_1,0
id_zm7v4lnrn2wk_2,3
id_zm7v4lnrn2wk_3,1
id_vfkaucsjb61m_1,0
id_vfkaucsjb61m_2,1
id_vfkaucsjb61m_3,2
id_vj78y09kfzrt_1,0
id_vj78y09kfzrt_2,1
id_vj78y09kfzrt_3,3
id_861lpajp1ph2_1,0
id_861lpajp1ph2_2,1
id_861lpajp1ph2_3,2
id_h88pzgyrvp99_1,0
id_h88pzgyrvp99_2,2
id_h88pzgyrvp99_3,3
id_ct9l9pcnyi0u_1,0
id_ct9l9pcnyi0u_2,1
id_ct9l9pcnyi0u_3,2
id_2u8pjuflsv8e_1,0
id_2u8pjuflsv8e_2,1
id_2u8pjuflsv8e_3,3
id_9isvbu2srpgw_1,0
id_9isvbu2srpgw_2,1
id_9isvbu2srpgw_3,2
id_82j8pxos9otn_1,0
id_82j8pxos9otn_2,1
id_82j8pxos9otn_3,2
